Station (alphabetical by borough),2017,2018,2019,2020,2021,2022,2021-2022 Change,,2022 Rank
The Bronx,The Bronx,The Bronx,The Bronx,The Bronx,The Bronx,The Bronx,The Bronx,The Bronx,The Bronx
138 St-Grand Concourse,"1,036,746","944,598","1,035,878","371,408","656,866","766,610","109,744",16.70%,333
149 St-Grand    Concourse,"4,255,015","3,972,763","3,931,908","1,815,785","1,832,521","2,026,363","193,842",10.60%,152
161 St-Yankee    Stadium,"8,596,506","8,392,290","8,254,928","3,221,651","4,077,604","5,023,193","945,589",23.20%,37
167 St,"2,954,228","2,933,140","2,653,237","1,396,287","1,615,072","1,847,368","232,296",14.40%,165
167 St,"3,293,451","2,022,919","2,734,530","1,422,149","1,508,270","1,492,833","-15,437",-1.00%,194
170 St,"2,785,331","2,562,443","2,487,611","1,265,950","1,278,506","1,499,662","221,156",17.30%,191
170 St,"2,270,027","2,454,974","2,130,461","1,002,095","1,104,637","1,121,869","17,232",1.60%,257
174 St,"2,334,317","2,056,692","2,057,118","953,564","1,077,126","1,140,821","63,695",5.90%,252
174-175 Sts,"1,735,321","1,005,075","1,518,260","788,121","853,579","859,988","6,409",0.80%,309
176 St,"1,943,854","1,803,691","1,713,696","876,865","939,585","1,055,833","116,248",12.40%,272
182-183 Sts,"1,577,144","1,502,814","1,513,443","761,613","812,994","866,961","53,967",6.60%,307
183 St,"2,001,410","1,831,457","1,779,224","951,634","1,051,456","1,196,389","144,933",13.80%,243
219 St,"1,044,200","1,026,894","979,390","457,388","495,442","530,795","35,353",7.10%,375
225 St,"1,323,910","1,224,369","1,187,486","549,296","605,491","621,548","16,057",2.70%,354
231 St,"3,013,031","3,133,231","2,919,305","1,289,691","1,462,605","1,810,807","348,202",23.80%,170
233 St,"1,565,455","1,496,673","1,445,532","721,495","796,596","845,998","49,402",6.20%,311
238 St,"1,335,877","960,970","1,204,095","588,199","678,017","872,799","194,782",28.70%,303
3 Av-138 St,"2,515,479","2,451,972","2,503,850","1,271,192","1,359,371","1,503,905","144,534",10.60%,190
3 Av-149 St,"7,458,222","6,784,053","6,768,255","3,166,766","3,301,418","3,330,977","29,559",0.90%,79
Allerton Av,"1,678,247","1,603,702","1,614,464","760,068","850,231","896,938","46,707",5.50%,301
Baychester Av,"1,054,373","1,006,343","1,094,872","491,293","485,836","548,542","62,706",12.90%,368
Bedford Park    Blvd,"2,220,298","1,984,267","2,143,375","968,590","1,106,992","1,165,034","58,042",5.20%,248
Bedford Park    Blvd-Lehman College,"1,716,853","1,575,555","1,538,253","691,845","795,864","1,091,465","295,601",37.10%,263
Bronx Park    East,"799,927","752,916","769,303","354,016","421,588","470,109","48,521",11.50%,387
Brook Av,"1,938,814","1,895,570","1,823,468","949,904","1,026,185","1,117,049","90,864",8.90%,260
Buhre Av,"1,094,122","1,110,307","1,146,032","519,694","585,402","734,364","148,962",25.40%,339
Burke Av,"1,064,119","997,617","1,000,896","480,152","531,811","552,450","20,639",3.90%,367
Burnside Av,"3,442,348","3,198,218","3,113,514","1,473,081","1,614,822","1,824,767","209,945",13.00%,169
Castle Hill    Av,"2,071,819","2,000,084","1,954,511","947,432","1,043,725","1,196,644","152,919",14.70%,242
Cypress Av,"1,230,910","1,113,667","1,043,922","507,795","519,868","559,225","39,357",7.60%,366
East 143    St-St Mary's St,"285,667","301,240","313,938","168,285","196,864","254,297","57,433",29.20%,413
East 149 St,"1,531,045","1,508,022","1,467,410","788,235","828,659","927,728","99,069",12.00%,293
East 180 St,"2,589,024","2,249,646","2,211,198","1,142,139","1,216,916","1,421,302","204,386",16.80%,211
Eastchester-Dyre    Av,"1,261,041","1,259,009","1,331,886","631,122","658,061","724,813","66,752",10.10%,341
Elder Av,"2,107,677","2,000,985","1,996,492","1,053,012","1,148,003","1,297,150","149,147",13.00%,226
Fordham Rd,"3,656,367","3,321,215","3,120,976","1,580,225","1,837,293","2,066,360","229,067",12.50%,149
Fordham Rd,"3,843,008","3,596,416","3,671,217","1,713,032","1,843,504","1,838,773","-4,731",-0.30%,167
Freeman St,"1,556,949","1,354,453","1,358,821","642,087","739,184","840,179","100,995",13.70%,313
Gun Hill Rd,"2,429,804","2,197,147","2,271,942","1,012,373","1,103,035","1,142,015","38,980",3.50%,251
Gun Hill Rd,"1,555,601","1,521,987","1,248,513","466,005","757,669","909,737","152,068",20.10%,299
Hunts Point    Av,"3,243,725","3,216,569","3,174,354","1,633,812","1,729,412","1,992,329","262,917",15.20%,155
Intervale Av,"1,045,483","943,016","964,689","472,958","547,183","591,075","43,892",8.00%,359
Jackson Av,"1,794,781","1,597,307","1,584,727","740,308","830,161","951,497","121,336",14.60%,290
Kingsbridge    Rd,"3,024,692","2,783,082","2,733,096","1,357,273","1,494,520","1,800,580","306,060",20.50%,172
Kingsbridge    Rd,"2,589,970","2,475,107","2,485,283","1,189,102","1,195,990","1,200,434","4,444",0.40%,241
Longwood Av,"1,084,049","1,040,934","949,680","390,165","554,609","675,547","120,938",21.80%,347
Middletown Rd,"609,861","595,044","597,839","257,912","289,799","363,695","73,896",25.50%,403
Morris Park,"685,577","668,423","711,229","318,988","373,691","469,688","95,997",25.70%,388
Morrison    Av-Soundview,"2,125,767","1,988,053","1,970,185","1,000,610","1,095,552","1,236,633","141,081",12.90%,235
Mosholu Pkwy,"2,695,090","2,531,607","2,491,758","1,274,467","1,423,888","1,647,450","223,562",15.70%,178
Mt Eden Av,"1,708,790","1,652,407","1,551,038","823,443","904,701","990,090","85,389",9.40%,285
Nereid Av,"1,085,289","1,034,335","1,006,617","470,230","538,907","588,166","49,259",9.10%,360
Norwood-205    St,"2,723,506","2,611,874","2,639,003","1,315,356","1,366,801","1,435,139","68,338",5.00%,206
Parkchester,"5,071,740","4,836,244","4,734,709","2,205,552","2,409,332","2,809,208","399,876",16.60%,100
Pelham Bay    Park,"2,207,720","2,146,552","2,134,403","951,324","1,011,530","1,123,255","111,725",11.00%,256
Pelham Pkwy,"2,849,210","2,639,586","2,651,208","1,222,206","1,427,443","1,433,009","5,566",0.40%,207
Pelham Pkwy,"869,177","844,884","896,134","405,004","447,473","547,814","100,341",22.40%,369
Prospect Av,"2,413,743","2,142,697","2,148,059","1,021,781","1,125,530","1,233,175","107,645",9.60%,236
Simpson St,"2,965,807","2,585,974","2,602,749","1,230,833","1,385,438","1,427,465","42,027",3.00%,209
St Lawrence    Av,"1,334,387","1,273,609","1,276,865","641,826","699,851","793,668","93,817",13.40%,323
Tremont Av,"3,154,608","3,246,064","3,052,099","1,433,744","1,518,048","1,446,787","-71,261",-4.70%,204
Van Cortlandt    Park-242 St,"2,249,314","2,333,136","2,189,109","980,836","1,111,670","1,350,182","238,512",21.50%,219
Wakefield-241    St,"1,578,125","1,484,478","1,404,748","711,029","773,321","798,984","25,663",3.30%,321
West Farms    Sq-East Tremont Av,"2,388,659","2,094,751","2,104,945","947,252","1,072,113","1,104,895","32,782",3.10%,261
Westchester    Sq-East Tremont Av,"1,917,007","1,817,925","1,796,415","835,515","929,707","1,037,465","107,758",11.60%,274
Whitlock Av,"595,385","592,103","586,845","308,198","331,929","378,959","47,030",14.20%,400
Woodlawn,"2,242,100","2,160,859","2,094,285","949,554","1,112,041","1,164,758","52,717",4.70%,249
Zerega Av,"799,739","792,928","795,756","361,499","401,426","482,341","80,915",20.20%,385
Brooklyn,Brooklyn,Brooklyn,Brooklyn,Brooklyn,Brooklyn,Brooklyn,Brooklyn,Brooklyn,Brooklyn
15    St-Prospect Park,"1,917,454","1,867,619","1,964,534","681,492","861,654","1,195,846","334,192",38.80%,244
18 Av,"1,948,610","1,909,554","1,942,617","851,720","953,937","1,245,222","291,285",30.50%,234
18 Av,"1,281,041","1,163,390","1,113,492","503,136","556,981","668,159","111,178",20.00%,348
18 Av,"992,834","981,261","1,179,756","677,764","895,072","1,085,017","189,945",21.20%,268
20 Av,"1,579,804","1,534,396","1,578,971","703,957","780,372","1,032,840","252,468",32.40%,275
20 Av,"664,120","1,075,077","1,142,086","486,218","627,481","833,636","206,155",32.90%,316
25 Av,"1,789,365","1,571,134","1,507,759","609,450","671,478","870,160","198,682",29.60%,304
25 St,"1,373,521","1,149,469","1,153,842","504,579","632,081","758,500","126,419",20.00%,334
36 St,"4,543,305","4,293,364","4,254,406","1,924,520","2,410,423","3,189,981","779,558",32.30%,85
4 Av  /9    St,"4,323,467","3,906,028","3,924,882","1,531,708","1,946,762","2,559,111","612,349",31.50%,116
45 St,"2,390,684","2,251,921","2,461,410","1,081,234","1,357,398","1,610,445","253,047",18.60%,179
50 St,"986,060","965,643","976,988","521,944","589,552","718,744","129,192",21.90%,342
53 St,"1,187,907","2,378,056","2,797,730","1,368,019","1,603,169","1,869,707","266,538",16.60%,164
55 St,"632,198","650,590","637,405","330,043","363,734","406,691","42,957",11.80%,398
59 St,"5,326,789","3,998,207","3,664,480","1,631,566","2,190,023","2,640,485","450,462",20.60%,110
7 Av,"3,236,816","3,126,475","3,103,599","1,007,948","1,382,641","1,896,094","513,453",37.10%,162
7 Av,"3,623,053","3,572,223","3,675,218","1,314,989","1,694,473","2,374,719","680,246",40.10%,130
71 St,"1,854,361","1,746,966","1,722,921","721,711","788,730","1,016,652","227,922",28.90%,282
77 St,"1,980,011","1,676,402","1,674,582","700,333","839,021","1,021,447","182,426",21.70%,279
79 St,"2,032,937","1,901,043","1,926,290","816,330","964,785","1,254,702","289,917",30.00%,233
8 Av,"4,088,721","3,700,661","3,801,700","1,424,892","1,771,913","2,314,853","542,940",30.60%,132
86 St,"494,456","609,555","708,542","365,213","442,826","531,019","88,193",19.90%,374
86 St,"3,516,712","3,470,741","3,434,888","1,538,353","1,869,595","2,269,098","399,503",21.40%,136
9 Av,"1,737,192","1,667,200","1,708,387","807,970","926,924","1,201,915","274,991",29.70%,239
Alabama Av,"755,935","652,030","628,299","337,011","367,463","365,853","-1,610",-0.40%,402
Atlantic Av,"557,103","559,411","469,819","228,515","273,703","332,637","58,934",21.50%,408
Atlantic    Av-Barclays Ctr,"13,571,093","13,807,282","13,939,794","5,474,265","6,420,924","8,482,075","2,061,151",32.10%,19
Avenue H,"1,006,747","1,034,018","991,766","395,439","420,875","603,679","182,804",43.40%,358
Avenue I,"326,469","326,005","584,129","262,583","286,430","352,714","66,284",23.10%,404
Avenue J,"1,912,497","1,878,547","1,775,846","799,621","973,093","1,119,574","146,481",15.10%,259
Avenue M,"1,828,941","1,808,189","1,691,285","763,258","956,834","1,135,367","178,533",18.70%,253
Avenue N,"643,200","612,201","877,383","393,183","416,424","522,722","106,298",25.50%,377
Avenue P,"534,727","509,036","739,804","333,836","361,909","468,588","106,679",29.50%,389
Avenue U,"373,322","310,821","547,776","248,310","268,720","334,808","66,088",24.60%,407
Avenue U,"734,714","830,278","1,019,104","503,937","659,430","788,389","128,959",19.60%,325
Avenue U,"2,360,833","2,329,614","2,301,941","979,080","1,194,190","1,422,746","228,556",19.10%,210
Avenue X,"738,274","775,436","758,700","334,714","345,053","442,124","97,071",28.10%,395
Bay 50 St,"900,508","826,074","821,873","351,591","431,849","563,601","131,752",30.50%,365
Bay Pkwy,"2,502,105","2,435,949","2,446,673","1,086,573","1,198,845","1,562,104","363,259",30.30%,184
Bay Pkwy,"214,153","188,225","362,802","167,877","186,383","240,275","53,892",28.90%,414
Bay Pkwy,"2,950,253","2,266,916","2,071,452","940,309","1,204,285","1,481,407","277,122",23.00%,197
Bay Ridge Av,"1,282,256","2,228,497","2,354,120","1,023,374","1,248,115","1,520,403","272,288",21.80%,189
Bay Ridge-95    St,"1,755,379","1,739,178","1,743,441","740,055","840,527","1,020,739","180,212",21.40%,280
Bedford Av,"9,644,831","9,053,980","7,836,366","2,873,798","4,989,268","7,255,571","2,266,303",45.40%,23
Bedford-Nostrand    Avs,"2,779,124","2,774,993","2,795,387","1,062,724","1,400,855","1,810,693","409,838",29.30%,171
Bergen St,"1,180,684","1,140,677","1,208,319","435,520","525,186","775,145","249,959",47.60%,329
Bergen St,"3,525,144","3,478,946","3,577,496","1,240,354","1,602,668","2,285,452","682,784",42.60%,134
Beverley Rd,"1,038,252","1,060,568","1,048,249","453,974","567,370","747,264","179,894",31.70%,337
Beverly Rd,"1,348,244","1,307,405","1,284,232","607,427","690,326","867,812","177,486",25.70%,306
Brighton    Beach,"3,957,811","3,778,194","3,745,994","1,683,782","1,947,393","2,283,378","335,985",17.30%,135
Broadway,"1,385,797","1,402,102","1,506,905","728,238","868,771","995,482","126,711",14.60%,284
Broadway    Junction,"2,911,532","2,810,636","2,759,349","1,292,868","1,317,906","1,445,460","127,554",9.70%,205
Bushwick    Av-Aberdeen St,"682,086","671,545","600,188","298,031","418,114","517,348","99,234",23.70%,378
Canarsie-Rockaway    Pkwy,"3,828,628","3,598,843","3,302,691","1,306,173","1,062,745","1,091,454","28,709",2.70%,264
Carroll St,"3,537,661","3,490,924","3,615,019","1,261,245","1,605,517","2,241,074","635,557",39.60%,138
Central Av,"539,681","725,022","1,472,067","591,081","613,375","797,703","184,328",30.10%,322
Chauncey St,"1,095,638","1,063,828","1,076,510","479,409","526,390","569,841","43,451",8.30%,363
Church Av,"2,916,680","2,818,535","2,862,033","1,335,645","1,537,560","1,844,979","307,419",20.00%,166
Church Av,"5,455,527","5,161,293","5,061,013","2,181,585","2,569,628","3,024,750","455,122",17.70%,92
Church Av,"3,148,411","3,099,383","3,051,736","1,368,063","1,579,762","1,917,284","337,522",21.40%,159
Clark St,"1,631,139","1,550,414","1,781,419","589,682","667,841","845,791","177,950",26.60%,312
Classon Av,"1,585,121","1,649,340","1,722,852","667,262","895,280","1,201,492","306,212",34.20%,240
Cleveland St,"1,011,734","901,928","880,879","436,011","451,537","459,057","7,520",1.70%,391
Clinton-Washington    Avs,"2,201,880","2,178,439","2,144,338","724,726","916,121","1,328,169","412,048",45.00%,221
Clinton-Washington    Avs,"1,551,042","1,534,802","1,609,332","574,939","787,190","1,083,797","296,607",37.70%,269
Coney    Island-Stillwell Av,"4,803,755","4,615,664","4,579,191","1,838,369","2,288,692","2,879,052","590,360",25.80%,96
Cortelyou Rd,"2,028,859","1,994,734","1,957,538","835,380","1,023,916","1,232,328","208,412",20.40%,237
Court St   /Borough Hall,"10,693,598","10,364,534","10,135,722","3,356,706","3,728,044","5,334,384","1,606,340",43.10%,32
Crescent St,"1,570,485","1,467,166","1,391,945","677,801","739,465","767,792","28,327",3.80%,331
Crown    Heights-Utica Av,"8,954,499","7,920,192","7,933,008","3,654,953","3,936,420","4,584,880","648,460",16.50%,49
Cypress Hills,"435,855","411,331","420,647","222,325","247,051","263,283","16,232",6.60%,412
DeKalb Av,"6,551,184","6,776,248","6,708,640","2,419,410","2,878,314","3,915,266","1,036,952",36.00%,61
DeKalb Av,"4,171,610","4,000,252","3,290,894","1,541,784","2,155,743","2,485,248","329,505",15.30%,125
Ditmas Av,"1,137,998","1,149,528","1,177,275","538,215","612,635","768,067","155,432",25.40%,330
East 105 St,"1,201,452","1,139,556","1,001,343","477,302","479,124","541,924","62,800",13.10%,371
Eastern    Pkwy-Brooklyn Museum,"1,530,635","1,544,013","1,338,351","441,688","681,607","920,056","238,449",35.00%,297
Euclid Av,"3,415,739","3,174,827","3,240,578","1,537,226","1,547,409","1,740,093","192,684",12.50%,177
Flatbush    Av-Brooklyn College,"6,107,780","5,822,873","5,684,108","2,404,776","2,587,148","3,270,806","683,658",26.40%,80
Flushing Av,"849,840","874,498","732,897","402,100","558,413","624,004","65,591",11.70%,353
Flushing Av,"2,764,583","2,537,390","2,773,154","1,256,788","1,372,156","1,480,637","108,481",7.90%,198
Fort Hamilton    Pkwy,"1,273,516","1,191,580","1,207,971","614,581","731,471","868,470","136,999",18.70%,305
Fort Hamilton    Pkwy,"1,786,458","1,765,887","1,800,167","633,055","817,620","1,155,293","337,673",41.30%,250
Fort Hamilton Pkwy,"988,664","969,878","1,372,278","780,316","996,284","1,344,329","348,045",34.90%,220
Franklin Av       /Botanic Garden,"4,762,184","4,604,219","4,999,385","1,849,090","2,137,307","2,870,917","733,610",34.30%,97
Franklin Av,"2,058,258","2,051,171","1,977,940","781,552","874,945","1,085,731","210,786",24.10%,266
Fulton St,"1,698,778","1,745,439","1,768,601","743,347","973,973","1,322,495","348,522",35.80%,222
Gates Av,"2,262,915","2,234,908","2,249,791","957,606","1,125,621","1,313,293","187,672",16.70%,224
Graham Av,"3,299,951","3,093,428","2,709,511","1,039,834","1,492,809","1,940,867","448,058",30.00%,158
Grand Army    Plaza,"2,265,097","2,228,173","2,295,401","813,305","984,813","1,390,871","406,058",41.20%,215
Grand St,"2,256,349","2,126,443","1,847,219","809,406","1,122,527","1,408,122","285,595",25.40%,212
Grant Av,"1,950,109","1,842,974","1,749,932","802,190","853,610","1,028,850","175,240",20.50%,277
Greenpoint Av,"2,934,770","2,859,047","3,089,912","1,296,681","1,704,159","2,092,568","388,409",22.80%,146
Halsey St,"2,131,177","2,059,030","2,120,521","871,012","950,058","1,099,779","149,721",15.80%,262
Halsey St,"2,776,078","2,625,255","2,176,141","1,005,045","1,327,970","1,582,831","254,861",19.20%,181
Hewes St,"894,671","893,262","1,117,566","468,382","516,269","564,558","48,289",9.40%,364
High St,"2,983,672","3,463,611","3,536,860","1,043,554","1,397,257","2,166,149","768,892",55.00%,142
Hoyt St,"2,137,478","1,982,208","2,293,256","898,643","1,084,836","1,397,715","312,879",28.80%,214
Hoyt-Schermerhorn    Sts,"3,264,293","3,370,038","3,605,153","1,426,671","1,744,024","2,308,619","564,595",32.40%,133
Jay    St-MetroTech,"13,007,176","12,504,027","12,238,047","4,048,255","4,473,920","6,436,276","1,962,356",43.90%,25
Jefferson St,"2,566,772","2,515,861","2,237,997","912,845","1,347,227","1,766,118","418,891",31.10%,174
Junius St,"298,119","620,548","676,092","346,436","364,344","446,604","82,260",22.60%,394
Kings Hwy,"6,040,256","5,895,421","5,938,819","2,588,491","3,187,538","3,871,890","684,352",21.50%,65
Kings Hwy,"1,531,332","1,356,085","1,129,071","488,475","510,956","637,058","126,102",24.70%,351
Kings Hwy,"910,558","1,032,541","1,371,311","691,832","897,516","1,120,133","222,617",24.80%,258
Kingston Av,"1,474,988","1,443,692","1,472,802","620,880","745,263","914,558","169,295",22.70%,298
Kingston-Throop    Avs,"2,085,536","2,099,891","2,055,094","791,030","936,706","1,265,471","328,765",35.10%,230
Knickerbocker    Av,"593,366","772,085","1,544,093","659,855","675,807","815,237","139,430",20.60%,319
Kosciuszko St,"1,979,192","1,908,610","1,779,062","731,320","882,810","1,056,675","173,865",19.70%,271
Lafayette Av,"1,621,121","1,631,673","1,599,887","619,691","791,660","1,085,680","294,020",37.10%,267
Liberty Av,"886,011","839,241","833,633","381,652","400,476","465,654","65,178",16.30%,390
Livonia Av,"1,019,591","994,378","856,615","446,530","394,344","529,679","135,335",34.30%,376
Lorimer St,"1,619,602","1,495,068","1,747,990","716,035","742,682","820,290","77,608",10.40%,318
Lorimer St    /Metropolitan Av,"5,010,601","4,821,359","4,696,924","1,780,896","2,463,789","3,409,157","945,368",38.40%,76
Marcy Av,"4,199,041","4,171,666","4,717,791","1,816,258","2,028,980","2,540,327","511,347",25.20%,119
Montrose Av,"2,306,046","2,239,760","1,933,886","828,023","1,221,841","1,520,566","298,725",24.40%,188
Morgan Av,"2,594,607","2,465,927","2,100,475","866,007","1,234,325","1,569,277","334,952",27.10%,183
Myrtle Av,"4,213,096","3,789,470","3,854,024","1,563,366","1,734,324","2,135,172","400,848",23.10%,145
Myrtle-Willoughby    Avs,"1,765,653","1,768,122","1,820,637","789,214","957,769","1,190,174","232,405",24.30%,245
Myrtle-Wyckoff    Avs,"7,302,376","6,893,183","5,927,332","2,704,645","3,318,793","4,276,355","957,562",28.90%,55
Nassau Av,"2,765,172","2,880,235","3,136,229","1,186,206","1,522,386","1,942,189","419,803",27.60%,157
Neck Rd,"1,379,473","1,366,989","1,362,524","573,448","655,522","826,571","171,049",26.10%,317
Neptune Av,"478,754","433,083","428,163","185,099","211,247","288,867","77,620",36.70%,411
Nevins St,"3,271,270","3,215,723","3,150,597","1,189,273","1,309,465","1,760,370","450,905",34.40%,176
New Lots Av,"1,810,576","1,644,379","1,643,487","800,943","821,266","934,273","113,007",13.80%,292
New Lots Av,"1,638,839","1,499,170","1,254,351","606,925","655,706","709,206","53,500",8.20%,343
New Utrecht    Av /62 St,"1,651,274","1,503,742","1,501,183","718,496","898,154","1,076,361","178,207",19.80%,270
Newkirk Av,"2,315,386","2,221,270","2,131,839","1,021,789","1,142,138","1,358,530","216,392",18.90%,217
Newkirk Plaza,"3,356,199","3,258,207","3,252,504","1,356,510","1,689,443","2,021,403","331,960",19.60%,153
Norwood Av,"1,065,073","966,728","948,571","454,457","472,565","500,597","28,032",5.90%,382
Nostrand Av,"1,295,175","1,250,715","1,370,372","512,753","603,014","745,179","142,165",23.60%,338
Nostrand Av,"5,823,419","5,609,408","5,608,232","2,150,476","2,617,531","3,346,986","729,455",27.90%,78
Ocean Pkwy,"1,022,378","1,018,695","1,033,340","462,998","548,606","665,586","116,980",21.30%,349
Park Pl,"575,188","537,340","519,984","214,950","259,323","326,818","67,495",26.00%,409
Parkside Av,"1,953,704","1,979,647","1,955,051","861,896","1,070,163","1,256,444","186,281",17.40%,232
Pennsylvania    Av,"1,054,654","1,279,685","1,360,708","662,596","719,312","792,673","73,361",10.20%,324
President St,"1,227,134","1,197,019","1,037,219","443,229","559,407","692,595","133,188",23.80%,345
Prospect Av,"961,733","1,638,002","1,780,893","676,624","885,878","1,175,311","289,433",32.70%,247
Prospect Park,"3,421,790","3,289,464","3,323,334","1,261,501","1,604,509","2,077,169","472,660",29.50%,147
Ralph Av,"1,894,817","1,850,375","1,829,126","818,101","878,860","1,010,247","131,387",14.90%,283
Rockaway Av,"1,685,468","1,412,271","1,451,431","722,986","764,655","812,348","47,693",6.20%,320
Rockaway Av,"1,794,365","1,790,683","1,787,343","781,385","837,692","988,760","151,068",18.00%,286
Saratoga Av,"1,702,107","1,535,733","1,556,357","786,160","841,082","920,284","79,202",9.40%,296
Sheepshead    Bay,"4,297,325","4,183,545","4,169,796","1,772,098","2,052,229","2,519,233","467,004",22.80%,122
Shepherd Av,"1,038,180","990,387","977,012","449,144","472,122","542,269","70,147",14.90%,370
Smith-9 Sts,"1,484,326","1,466,151","1,435,824","609,725","698,444","881,979","183,535",26.30%,302
Sterling St,"1,787,994","1,753,125","1,654,809","745,895","911,058","1,128,133","217,075",23.80%,255
Sutter Av,"1,394,283","1,246,958","1,047,762","483,645","512,751","504,518","-8,233",-1.60%,379
Sutter    Av-Rutland Rd,"1,049,559","1,968,448","2,019,485","995,590","1,056,784","1,184,067","127,283",12.00%,246
Union St,"1,935,724","2,090,848","2,271,983","808,042","1,093,965","1,457,176","363,211",33.20%,202
Utica Av,"5,271,782","5,195,786","5,106,247","2,085,483","2,249,322","2,671,676","422,354",18.80%,108
Van Siclen Av,"1,078,048","854,150","853,106","413,650","413,686","473,728","60,042",14.50%,386
Van Siclen Av,"1,026,358","955,230","918,811","437,290","442,084","501,085","59,001",13.30%,381
Van Siclen Av,"910,042","818,735","791,691","416,713","459,448","504,052","44,604",9.70%,380
West 8 St-New    York Aquarium,"789,104","818,685","837,836","315,691","431,449","583,500","152,051",35.20%,361
Wilson Av,"1,471,094","1,420,065","1,290,221","587,630","761,687","923,267","161,580",21.20%,294
Winthrop St,"2,148,162","2,140,028","1,882,065","974,253","1,203,929","1,499,531","295,602",24.60%,192
York St,"3,172,717","3,256,154","3,927,129","1,257,103","1,561,021","2,551,202","990,181",63.40%,118
Manhattan,Manhattan,Manhattan,Manhattan,Manhattan,Manhattan,Manhattan,Manhattan,Manhattan,Manhattan
1 Av,"7,071,729","6,743,140","5,345,371","2,177,284","3,960,124","5,337,253","1,377,129",34.80%,31
103 St,"4,114,291","4,072,703","3,766,055","1,470,254","1,880,611","2,574,644","694,033",36.90%,115
103 St,"4,402,069","4,065,523","4,039,570","1,851,275","2,112,042","2,489,375","377,333",17.90%,124
103 St,"1,470,838","1,630,405","1,498,363","579,191","718,579","922,327","203,748",28.40%,295
110 St,"3,734,660","3,394,176","3,316,061","1,468,770","1,722,459","2,050,861","328,402",19.10%,150
116 St,"3,729,434","3,446,526","3,345,661","1,375,593","1,612,653","1,914,872","302,219",18.70%,160
116 St,"5,066,069","4,683,148","4,572,453","2,052,609","2,341,695","2,794,564","452,869",19.30%,102
116 St,"2,253,473","2,262,578","2,288,111","896,442","1,067,970","1,358,486","290,516",27.20%,218
116 St-Columbia University,"4,586,341","4,528,136","4,380,469","1,316,284","1,822,117","2,897,994","1,075,877",59.00%,95
125 St,"2,438,960","2,457,157","2,368,025","967,478","1,203,374","1,761,867","558,493",46.40%,175
125 St,"5,054,479","4,727,671","4,644,262","1,848,803","2,121,918","2,521,152","399,234",18.80%,121
125 St,"9,088,393","8,630,430","8,554,857","3,587,673","3,772,990","4,475,736","702,746",18.60%,50
125 St,"9,335,382","9,037,343","9,208,598","3,863,203","4,353,615","5,182,313","828,698",19.00%,34
135 St,"4,768,474","4,506,259","4,268,823","1,867,402","2,048,382","2,262,461","214,079",10.50%,137
135 St,"1,743,984","1,622,552","1,743,921","667,495","753,875","1,019,037","265,162",35.20%,281
137 St-City College,"4,440,108","4,260,166","3,874,783","1,717,440","1,941,779","2,533,342","591,563",30.50%,120
14 St   /8 Av,"14,153,266","14,324,670","14,239,275","4,463,227","6,144,808","9,193,520","3,048,712",49.60%,15
14 St     /6 Av,"15,187,056","15,002,214","14,736,035","5,057,029","6,306,914","8,792,335","2,485,421",39.40%,16
14 St-Union Sq,"34,557,551","33,124,407","32,385,260","10,830,712","13,165,975","17,809,631","4,643,656",35.30%,4
145 St,"3,208,921","3,062,446","2,936,613","1,264,852","1,559,488","2,036,875","477,387",30.60%,151
145 St,"1,093,045","635,413","954,825","438,388","506,217","574,054","67,837",13.40%,362
145 St,"7,714,122","7,434,662","7,464,653","3,111,334","3,468,964","4,225,726","756,762",21.80%,56
155 St,"1,212,240","1,115,948","1,123,868","546,625","581,704","630,547","48,843",8.40%,352
155 St,"887,427","1,001,262","895,036","367,255","415,142","490,246","75,104",18.10%,384
157 St,"3,488,053","3,514,522","3,739,786","1,414,356","1,715,878","2,220,795","504,917",29.40%,140
163    St-Amsterdam Av,"1,437,340","548,092","1,390,312","617,596","679,641","783,629","103,988",15.30%,326
168 St,"7,945,871","8,150,537","6,156,288","3,265,733","4,029,229","4,657,808","628,579",15.60%,48
175 St,"4,112,450","3,879,652","4,182,625","1,665,946","1,995,451","2,135,272","139,821",7.00%,144
18 St,"2,594,336","2,683,235","2,649,616","803,924","961,311","1,497,039","535,728",55.70%,193
181 St,"3,742,446","3,605,435","3,523,536","1,682,772","115,142","1,952,205","1,837,063",1595.50%,156
181 St,"3,453,621","3,368,097","3,404,841","1,364,548","2,009,705","1,874,762","-134,943",-6.70%,163
190 St,"1,494,996","1,423,142","1,535,450","562,043","476,475","776,585","300,110",63.00%,327
191 St,"2,657,964","2,526,932","2,333,160","453,577","1,439,161","1,534,115","94,954",6.60%,185
2 Av,"5,372,036","5,034,358","5,583,944","1,846,978","2,557,592","3,571,480","1,013,888",39.60%,74
207 St,"2,097,830","2,020,214","1,853,146","892,067","998,062","1,307,026","308,964",31.00%,225
215 St,"617,727","553,050","527,505","212,402","274,527","403,240","128,713",46.90%,399
23 St,"4,557,216","4,853,909","4,627,755","1,566,363","1,843,351","2,741,773","898,422",48.70%,104
23 St,"8,265,227","9,035,498","8,659,806","2,677,996","2,985,473","4,766,220","1,780,747",59.60%,44
23 St,"7,410,618","7,420,152","7,272,610","2,341,259","2,932,938","3,897,436","964,498",32.90%,63
23 St,"8,636,801","5,099,809","8,619,473","3,100,291","3,240,722","4,752,694","1,511,972",46.70%,46
23 St,"7,651,650","8,155,834","7,085,694","2,020,698","2,468,679","3,645,349","1,176,670",47.70%,71
28 St,"4,348,170","4,444,072","4,493,352","1,367,598","1,582,275","2,584,967","1,002,692",63.40%,114
28 St,"6,836,061","3,525,030","5,834,989","2,230,478","2,553,865","3,626,532","1,072,667",42.00%,72
28 St,"4,065,263","4,445,982","4,018,310","1,197,468","1,435,457","2,142,492","707,035",49.30%,143
3 Av,"2,319,152","2,204,834","1,700,456","742,241","1,119,803","1,448,575","328,772",29.40%,203
33 St,"8,916,102","9,530,273","8,934,900","3,078,482","3,655,767","4,851,074","1,195,307",32.70%,41
34 St-Herald    Square,"39,672,507","39,111,312","39,385,436","12,826,841","15,037,793","20,972,120","5,934,327",39.50%,3
34    St-Hudson Yards,"3,098,699","3,189,867","6,108,384","2,092,769","2,811,015","4,376,335","1,565,320",55.70%,53
34 St-Penn    Station,"26,034,238","25,968,950","25,967,676","8,103,809","8,935,671","13,340,397","4,404,726",49.30%,8
34 St-Penn    Station,"24,366,500","24,857,456","25,631,364","8,010,472","9,855,288","14,328,387","4,473,099",45.40%,6
42 St-Bryant    Pk    /5 Av,"17,471,620","17,289,384","18,604,810","5,826,100","6,110,395","9,781,251","3,670,856",60.10%,13
47-50    Sts-Rockefeller Center,"8,626,669","8,394,862","7,410,041","1,985,474","2,653,104","4,692,505","2,039,401",76.90%,47
49 St,"7,111,270","7,748,504","7,684,091","2,076,871","2,328,956","3,716,861","1,387,905",59.60%,69
5 Av-53 St,"5,367,130","5,136,918","4,995,128","1,672,584","2,137,582","3,026,367","888,785",41.60%,91
5 Av-59 St,"7,751,756","8,088,925","8,134,360","2,213,137","2,481,176","4,946,989","2,465,813",99.40%,38
50 St,"6,694,422","6,441,984","6,902,595","2,002,813","2,714,329","4,126,925","1,412,596",52.00%,57
50 St,"4,557,372","2,254,820","4,550,216","1,491,039","1,775,855","2,992,231","1,216,376",68.50%,94
57 St,"11,300,097","11,978,164","11,012,550","3,474,824","4,099,554","6,429,389","2,329,835",56.80%,26
57 St-7 Av,"22,929,203","22,991,014","23,040,650","7,618,925","9,310,678","13,777,313","4,466,635",48.00%,7
59    St-Columbus Circle,"7,002,620","7,196,026","7,068,256","2,141,714","2,479,656","4,015,455","1,535,799",61.90%,59
66 St-Lincoln    Center,"6,998,999","6,537,270","6,699,711","2,511,235","2,987,056","4,278,409","1,291,353",43.20%,54
68 St-Hunter    College,"5,105,535","5,299,531","5,508,778","1,545,234","1,757,665","3,100,698","1,343,033",76.40%,89
7 Av,"12,749,746","12,879,887","12,379,560","4,498,641","5,718,388","7,791,430","2,073,042",36.30%,22
72 St,"2,799,974","1,382,963","2,837,041","935,070","1,369,718","1,904,998","535,280",39.10%,161
72 St,"8,536,209","9,068,131","9,528,891","3,752,228","4,786,684","5,884,370","1,097,686",22.90%,28
72 St,"8,276,168","7,653,602","7,821,286","3,190,550","4,117,467","5,359,989","1,242,522",30.20%,30
77 St,"5,102,655","4,990,840","4,745,863","1,678,293","2,273,868","3,182,626","908,758",40.00%,86
79 St,"5,569,352","5,686,332","5,434,212","1,549,451","2,116,673","3,260,289","1,143,616",54.00%,81
8 St-New York    University,"4,328,599","4,748,083","4,407,607","1,275,973","1,888,156","2,819,094","930,938",49.30%,99
81 St-Museum    of Natural History,"5,988,837","6,139,911","5,659,795","2,076,862","2,712,070","3,672,777","960,707",35.40%,70
86 St,"14,277,369","13,486,510","13,537,308","5,155,496","6,576,295","8,783,809","2,207,514",33.60%,17
86 St,"3,177,707","1,734,366","3,232,637","1,188,684","1,548,082","2,073,430","525,348",33.90%,148
86 St,"7,693,260","8,075,480","8,378,778","2,913,038","3,589,258","4,881,132","1,291,874",36.00%,40
86 St,"11,948,981","11,702,401","11,628,887","4,293,386","5,381,939","7,059,602","1,677,663",31.20%,24
96 St,"5,576,058","5,151,742","5,145,222","2,219,217","2,656,566","3,392,056","735,490",27.70%,77
96 St,"2,887,965","2,836,643","3,038,864","1,194,638","1,478,303","1,831,940","353,637",23.90%,168
96 St,"5,445,960","6,014,304","6,154,837","2,353,959","2,771,138","3,535,278","764,140",27.60%,75
96 St,"5,245,449","5,111,358","5,502,925","1,684,189","2,127,381","3,222,161","1,094,780",51.50%,84
Astor Place,"1,327,970","1,275,541","1,325,244","454,326","572,281","748,064","175,783",30.70%,336
Bowery,"8,234,513","8,251,885","8,362,034","2,503,222","2,632,772","4,011,235","1,378,463",52.40%,60
Bowling Green,"2,056,754","1,967,616","2,172,223","698,480","746,314","1,032,292","285,978",38.30%,276
Broad St,"11,956,465","11,414,999","12,455,155","4,062,645","5,274,947","7,806,844","2,531,897",48.00%,21
Broadway-Lafayette    St    /Bleecker St,"9,360,484","9,060,206","9,065,146","2,710,023","3,147,136","5,050,750","1,903,614",60.50%,36
Brooklyn    Bridge-City Hall   /Chambers St,"1,756,236","1,884,371","1,984,827","560,302","633,250","988,102","354,852",56.00%,287
Canal St,"5,932,386","6,160,037","6,403,172","1,965,245","2,243,849","3,247,717","1,003,868",44.70%,83
Canal St,"16,285,516","15,995,877","15,861,864","4,881,373","6,297,364","8,680,004","2,382,640",37.80%,18
Canal St,"3,947,489","4,013,259","3,703,893","1,433,586","1,917,734","2,616,906","699,172",36.50%,113
Cathedral    Pkwy-110 St,"2,377,135","1,168,203","2,396,624","934,145","1,205,170","1,524,260","319,090",26.50%,186
Cathedral    Pkwy-110 St,"2,963,206","2,823,756","2,666,985","1,060,348","1,222,250","1,475,096","252,846",20.70%,199
Central Park    North-110 St,"6,459,435","6,108,641","5,941,546","1,781,685","1,957,661","3,259,105","1,301,444",66.50%,82
Chambers St,"20,927,141","21,636,146","20,820,549","5,930,847","6,413,162","10,218,699","3,805,537",59.30%,11
Chambers St     /WTC /Park Place,"3,193,169","3,312,074","3,412,332","1,067,635","1,597,437","2,434,305","836,868",52.40%,128
Christopher    St-Sheridan Sq,"2,258,254","1,920,070","1,710,380","536,758","616,119","944,529","328,410",53.30%,291
City Hall,"8,128,719","7,922,586","8,861,296","3,388,714","4,415,980","5,961,548","1,545,568",35.00%,27
Delancey St    /Essex St,"2,329,753","2,263,932","2,079,656","1,055,222","1,154,408","1,467,267","312,859",27.10%,200
Dyckman St,"2,165,366","2,037,425","2,238,372","953,250","1,095,910","1,214,785","118,875",10.80%,238
Dyckman St,"4,458,909","4,216,327","4,460,330","1,622,512","2,013,700","2,825,001","811,301",40.30%,98
East Broadway,"1,700,180","1,757,424","1,567,005","501,136","613,327","1,090,840","477,513",77.90%,265
Franklin St,"26,838,473","27,719,115","27,715,365","8,855,302","9,728,874","14,963,870","5,234,996",53.80%,5
Fulton St,"44,928,488","45,207,849","45,745,700","13,162,826","14,002,142","22,937,475","8,935,333",63.80%,2
Grand    Central-42 St,"7,653,408","7,187,070","8,024,364","2,908,017","3,676,433","4,922,207","1,245,774",33.90%,39
Grand St,"1,209,846","1,232,448","1,120,454","473,937","532,571","610,285","77,714",14.60%,356
Harlem-148 St,"4,326,280","4,488,886","4,496,793","1,378,640","1,509,148","2,374,723","865,575",57.40%,129
Houston St,"2,954,523","2,796,626","3,150,731","1,260,062","1,396,591","1,484,846","88,255",6.30%,196
Inwood-207 St,"17,888,188","16,955,204","16,760,813","6,273,480","7,397,107","9,894,012","2,496,905",33.80%,12
Lexington Av    /59 St,"18,940,774","18,585,755","18,957,465","5,718,725","6,226,900","9,748,849","3,521,949",56.60%,14
Lexington    Av-53 St  /51 St,"6,389,408","6,506,078","6,567,634","2,441,527","3,129,478","4,070,117","940,639",30.10%,58
Lexington    Av-63 St,"1,726,646","1,686,237","1,561,844","754,010","828,832","1,025,805","196,973",23.80%,278
Marble    Hill-225 St,"4,990,346","5,142,727","4,342,692","1,218,279","1,864,902","2,673,575","808,673",43.40%,107
Prince St,"2,861,772","2,764,454","2,554,523","708,206","887,375","1,406,133","518,758",58.50%,213
Rector St,"2,213,971","2,154,295","2,014,996","594,426","674,273","952,233","277,960",41.20%,289
Rector St,"2,361,627","2,269,432","2,380,764","893,253","1,230,617","1,781,913","551,296",44.80%,173
Roosevelt    Island,"10,205,836","10,275,268","10,272,682","3,065,053","3,600,135","5,151,250","1,551,115",43.10%,35
South Ferry    /Whitehall St,"3,701,740","3,654,673","3,754,272","1,123,745","1,682,203","2,557,718","875,515",52.00%,117
Spring St,"3,637,863","3,853,792","4,423,135","1,377,863","1,762,208","2,509,293","747,085",42.40%,123
Spring St,"81,410,028","81,116,784","82,233,996","25,746,634","29,507,558","45,023,339","15,515,781",52.60%,1
Times Sq-42    St        /42 St,"6,935,020","6,452,733","6,910,581","2,029,161","1,991,358","3,065,803","1,074,445",54.00%,90
Wall St,"5,704,122","5,646,207","5,720,475","1,710,383","1,794,655","2,729,596","934,941",52.10%,105
Wall St,"13,849,130","13,446,383","14,063,633","4,503,429","5,833,859","8,145,412","2,311,553",39.60%,20
West 4    St-Washington Sq,0,"1,245,455","4,232,521","1,138,815","1,280,003","2,437,993","1,157,990",90.50%,127
WTC Cortland,0,0,0,0,,"1,245,455","1,245,455",100.00%,324
Queens,Queens,Queens,Queens,Queens,Queens,Queens,Queens,Queens,Queens
103 St-Corona Plaza,"6,498,237","6,319,564","6,399,657","3,311,294","4,069,292","4,758,594","689,302",16.90%,45
104 St,"560,309","548,871","536,924","243,156","274,883","345,525","70,642",25.70%,406
104 St,"502,541","456,765","774,888","365,060","439,642","494,615","54,973",12.50%,383
111 St,"3,721,445","3,608,389","3,836,999","2,119,770","2,399,049","2,774,756","375,707",15.70%,103
111 St,"748,813","762,641","760,163","339,066","368,997","450,084","81,087",22.00%,392
111 St,"948,885","801,639","350,344","302,101","378,100","414,879","36,779",9.70%,397
121 St,"337,075","391,696","675,500","315,015","384,709","446,750","62,041",16.10%,393
169 St,"2,629,975","2,497,336","2,465,120","1,061,564","1,241,861","1,523,722","281,861",22.70%,187
21 St,"598,061","550,464","535,536","228,383","313,868","373,697","59,829",19.10%,401
21    St-Queensbridge,"3,157,675","3,340,366","3,516,992","1,355,845","1,531,006","2,230,639","699,633",45.70%,139
30 Av,"3,437,709","2,373,721","5,230,182","1,767,179","2,033,898","2,633,548","599,650",29.50%,111
33 St-Rawson    St,"3,402,610","3,031,465","2,907,388","956,400","1,032,172","1,581,947","549,775",53.30%,182
36 Av,"1,677,211","1,446,827","1,933,812","845,827","980,573","1,288,740","308,167",31.40%,227
36 St,"1,362,430","1,513,330","1,383,420","470,766","519,938","728,776","208,838",40.20%,340
39 Av- Dutch Kills,"979,103","665,750","761,816","382,607","425,965","617,339","191,374",44.90%,355
40 St-Lowery    St,"3,261,769","3,048,104","3,074,342","1,236,614","1,539,302","2,013,903","474,601",30.80%,154
46 St,"2,781,811","2,711,011","2,609,445","1,052,114","1,250,697","1,591,672","340,975",27.30%,180
46 St-Bliss    St,"4,303,987","4,058,815","4,019,044","1,769,578","2,169,169","2,687,856","518,687",23.90%,106
52 St,"2,027,659","1,883,246","1,907,368","847,430","1,061,804","1,317,534","255,730",24.10%,223
63 Dr-Rego    Park,"4,991,559","4,769,745","4,753,706","1,954,647","2,319,942","2,798,730","478,788",20.60%,101
65 St,"1,120,703","1,129,031","1,098,148","465,309","567,622","678,095","110,473",19.50%,346
67 Av,"2,695,321","2,592,645","2,641,450","1,021,518","1,161,639","1,487,051","325,412",28.00%,195
69 St,"1,602,770","1,510,410","1,564,387","743,488","993,701","1,280,250","286,549",28.80%,228
74-Bway    /Jackson Hts-Roosevelt Av,"17,095,073","16,994,358","17,077,862","7,523,538","9,437,073","11,848,368","2,411,295",25.60%,9
75 Av,"994,127","1,019,978","1,059,027","395,084","463,228","605,747","142,519",30.80%,357
75 St-Elderts    Ln,"1,069,608","992,267","1,029,388","516,795","616,695","653,029","36,334",5.90%,350
80 St,"1,346,296","1,332,047","1,298,825","552,808","662,344","854,247","191,903",29.00%,310
82 St-Jackson    Hts,"5,018,542","4,741,470","4,893,865","2,297,896","3,182,336","3,751,240","568,904",17.90%,67
85 St-Forest    Pkwy,"1,156,600","1,063,133","1,061,293","546,685","632,887","692,867","59,980",9.50%,344
88 St,"880,776","855,851","853,110","384,745","430,498","531,202","100,704",23.40%,373
90    St-Elmhurst Av,"5,460,868","5,245,160","5,272,683","2,661,934","3,299,515","3,791,913","492,398",14.90%,66
Aqueduct    Racetrack,"641,464","732,091","601,436","168,737","234,571","200,290","-34,281",-14.60%,415
Aqueduct-North    Conduit Av,"309,029","276,067","263,422","107,146","125,407","142,044","16,637",13.30%,418
Astoria Blvd,"3,988,480","4,226,298","723,354","1,053,976","1,582,181","2,182,362","600,181",37.90%,141
Astoria-Ditmars    Blvd,"5,031,462","4,543,854","5,277,341","1,996,236","2,280,654","2,999,579","718,925",31.50%,93
Beach 105 St,"97,654","92,852","88,439","37,750","41,437","57,637","16,200",39.10%,422
Beach 25 St,"582,975","543,839","517,164","258,136","267,817","314,340","46,523",17.40%,410
Beach 36 St,"298,395","275,165","292,305","149,257","155,722","174,537","18,815",12.10%,416
Beach 44 St,"214,473","216,609","215,701","109,448","111,217","127,686","16,469",14.80%,420
Beach 60 St,"726,189","630,038","623,826","313,416","312,493","349,205","36,712",11.70%,405
Beach 67    St-Arverne By The Sea,"792,444","669,421","718,008","366,760","383,966","436,104","52,138",13.60%,396
Beach 90 St,"411,887","382,766","348,771","129,188","148,147","171,603","23,456",15.80%,417
Beach 98 St,"180,588","154,620","164,130","63,297","71,935","93,397","21,462",29.80%,421
Briarwood-Van    Wyck Blvd,"1,489,396","1,462,744","1,501,152","627,403","742,983","968,251","225,268",30.30%,288
Broad Channel,"87,774","82,248","90,358","35,837","39,981","49,631","9,650",24.10%,423
Broadway,"4,060,805","2,436,810","3,038,655","1,463,280","1,809,540","2,365,718","556,178",30.70%,131
Court Sq,"7,003,218","7,218,939","7,033,377","2,368,959","2,830,854","4,426,924","1,596,070",56.40%,52
Elmhurst Av,"4,039,686","3,898,046","3,867,341","1,706,575","2,047,952","2,446,607","398,655",19.50%,126
Far    Rockaway-Mott Av,"1,472,005","1,376,087","1,347,765","709,394","715,676","775,401","59,725",8.30%,328
Flushing-Main    St,"18,746,832","17,799,862","17,568,837","6,944,923","9,206,396","11,722,581","2,516,185",27.30%,10
Forest Av,"796,742","927,801","1,310,163","609,687","689,509","861,278","171,769",24.90%,308
Forest    Hills-71 Av,"8,748,221","8,115,385","8,027,234","3,100,667","3,659,612","4,794,614","1,135,002",31.00%,42
Fresh Pond Rd,"1,198,376","1,400,512","1,776,084","841,585","937,847","1,132,629","194,782",20.80%,254
Grand    Av-Newtown,"5,792,378","5,713,827","5,730,846","2,394,479","2,932,966","3,588,300","655,334",22.30%,73
Howard    Beach-JFK Airport,"1,123,405","1,154,695","1,171,303","325,750","457,932","766,744","308,812",67.40%,332
Hunters Point    Av,"1,999,970","1,932,478","1,885,928","705,574","703,246","1,038,309","335,063",47.60%,273
Jamaica    Center-Parsons-Archer,"11,604,228","10,681,269","10,010,419","4,284,646","4,766,773","5,240,027","473,254",9.90%,33
Jamaica-179    St,"6,463,698","6,270,766","6,262,449","2,741,359","3,023,613","3,723,038","699,425",23.10%,68
Jamaica-Van    Wyck,"1,555,962","1,502,672","1,412,179","807,093","777,620","907,248","129,628",16.70%,300
Junction Blvd,"7,084,849","6,896,657","6,883,317","3,622,647","4,656,086","5,520,086","864,000",18.60%,29
Kew    Gardens-Union Turnpike,"7,811,007","7,680,149","7,625,674","3,054,242","3,508,016","4,448,452","940,436",26.80%,51
Mets-Willets    Point,"1,873,789","1,756,825","2,025,162","311,888","1,034,620","1,430,664","396,044",38.30%,208
Middle    Village-Metropolitan Av,"875,782","954,875","1,090,449","514,007","612,324","749,356","137,032",22.40%,335
Northern Blvd,"2,140,551","2,097,374","2,008,091","902,165","1,067,116","1,268,933","201,817",18.90%,229
Ozone    Park-Lefferts Blvd,"2,306,419","2,296,755","2,216,647","1,019,115","1,076,417","1,263,152","186,735",17.30%,231
Parsons Blvd,"1,998,650","2,003,517","2,086,114","1,089,861","1,133,530","1,377,535","244,005",21.50%,216
Queens Plaza,"3,374,948","3,886,574","4,334,290","1,422,188","1,691,730","2,662,316","970,586",57.40%,109
Queensboro    Plaza,"4,566,287","5,079,051","5,018,211","1,790,223","2,225,527","3,116,629","891,102",40.00%,87
Rockaway Blvd,"2,371,645","2,336,304","2,299,903","1,040,869","1,196,776","1,459,323","262,547",21.90%,201
Rockaway    Park-Beach 116 St,"235,691","240,483","228,144","110,133","109,098","131,421","22,323",20.50%,419
Seneca Av,"454,373","565,714","1,080,829","474,806","466,641","531,319","64,678",13.90%,372
Steinway St,"4,733,777","5,075,623","4,715,335","1,768,131","2,110,765","2,629,433","518,668",24.60%,112
Sutphin Blvd,"1,338,831","1,303,795","1,345,420","702,013","707,596","836,028","128,432",18.20%,315
Sutphin    Blvd-Archer Av-JFK Airport,"7,457,153","7,282,128","7,354,064","2,951,061","3,799,692","4,770,175","970,483",25.50%,43
Vernon    Blvd-Jackson Av,"4,821,191","4,493,326","4,623,070","1,768,317","2,189,038","3,113,214","924,176",42.20%,88
Woodhaven    Blvd,"1,512,676","1,370,889","1,337,787","681,796","753,419","838,374","84,955",11.30%,314
Woodhaven    Blvd,"6,871,409","6,509,386","6,381,132","2,634,483","3,302,348","3,905,277","602,929",18.30%,62
Woodside-61    St,"5,457,171","5,282,486","5,345,369","2,391,083","3,037,602","3,872,081","834,479",27.50%,64
Brooklyn,"379,372,550","370,231,302","370,545,959","153,292,738","183,587,543","232,489,655","48,902,112",26.6%,
Bronx,"149,220,838","139,238,932","138,381,037","65,662,311","72,920,734","81,067,948","8,147,214",11.2%,
Manhattan,"955,572,737","936,516,980","952,710,327","319,882,176","381,549,651","546,640,695","165,091,044",43.3%,
Queens,"243,113,483","234,085,767","236,149,679","100,703,801","121,918,793","153,227,167","31,308,374",25.7%,
Systemwide    Adjustment,"86,999","-12,579",,,,,0,,
System Total,"1,727,366,607","1,680,060,402","1,697,787,002","639,541,025","759,976,721","1,013,425,465","253,448,744",33.3%,
,,,,,,,,,